baseline,model,n_real,seed,epochs,fold,heldout_file_id,n_train,n_val,acc,macro_f1,f1_normal_machining,f1_lead_screw_anomaly,f1_base_imbalance,confusion
real_only,simple_cnn,full,0,20,file_id_1,1,1316,421,0.9311163895486936,0.8837953801851025,0.9516539440203562,0.7289719626168224,0.9707602339181286,"[[187,4,0],[15,39,9],[0,1,166]]"
real_only,simple_cnn,10,0,20,file_id_1,1,30,421,0.14489311163895488,0.12595109978287547,0.0,0.07878787878787878,0.29906542056074764,"[[0,135,56],[0,13,50],[0,119,48]]"
real_only,simple_cnn,10,1,20,file_id_1,1,30,421,0.38004750593824227,0.19184652278177458,0.0,0.0,0.5755395683453237,"[[0,25,166],[0,0,63],[0,7,160]]"
real_only,simple_cnn,10,2,20,file_id_1,1,30,421,0.3752969121140142,0.18676122931442082,0.0,0.0,0.5602836879432624,"[[0,15,176],[0,0,63],[0,9,158]]"
real_only,simple_cnn,10,3,20,file_id_1,1,30,421,0.3159144893111639,0.24657678756039414,0.2,0.043243243243243246,0.4964871194379391,"[[23,73,95],[0,4,59],[16,45,106]]"
real_only,simple_cnn,10,4,20,file_id_1,1,30,421,0.3990498812351544,0.1931371853113761,0.010416666666666666,0.0,0.5689948892674617,"[[1,0,190],[0,0,63],[0,0,167]]"
real_only,simple_cnn,10,5,20,file_id_1,1,30,421,0.38004750593824227,0.20420447670901395,0.05,0.0,0.5626134301270418,"[[5,20,166],[0,0,63],[4,8,155]]"
real_only,simple_cnn,10,6,20,file_id_1,1,30,421,0.342042755344418,0.1811320754716981,0.0,0.0,0.5433962264150943,"[[0,35,156],[0,0,63],[0,23,144]]"
real_only,simple_cnn,10,7,20,file_id_1,1,30,421,0.28741092636579574,0.1800595238095238,0.0,0.0,0.5401785714285714,"[[0,94,97],[0,0,63],[0,46,121]]"
real_only,simple_cnn,10,8,20,file_id_1,1,30,421,0.19714964370546317,0.1674517879138341,0.06930693069306931,0.0,0.43304843304843305,"[[7,139,45],[0,0,63],[4,87,76]]"
real_only,simple_cnn,10,9,20,file_id_1,1,30,421,0.20190023752969122,0.15199534549186147,0.010362694300518135,0.0,0.44562334217506633,"[[1,127,63],[0,0,63],[1,82,84]]"
real_only,simple_cnn,25,0,20,file_id_1,1,75,421,0.3254156769596199,0.24632973231598299,0.2459016393442623,0.0,0.4930875576036866,"[[30,64,97],[0,0,63],[23,37,107]]"
real_only,simple_cnn,25,1,20,file_id_1,1,75,421,0.47030878859857483,0.35289553643385246,0.5099337748344371,0.0,0.5487528344671202,"[[77,24,90],[0,0,63],[34,12,121]]"
real_only,simple_cnn,25,2,20,file_id_1,1,75,421,0.38954869358669836,0.29531250000000003,0.3359375,0.0,0.55,"[[43,59,89],[0,0,63],[22,24,121]]"
real_only,simple_cnn,25,3,20,file_id_1,1,75,421,0.40380047505938244,0.3070670256091668,0.3927272727272727,0.0,0.5284738041002278,"[[54,44,93],[0,0,63],[30,21,116]]"
real_only,simple_cnn,25,4,20,file_id_1,1,75,421,0.24228028503562946,0.21385103323339938,0.23529411764705882,0.008438818565400843,0.3978201634877384,"[[28,98,65],[0,1,62],[19,75,73]]"
real_only,simple_cnn,25,5,20,file_id_1,1,75,421,0.35391923990498814,0.22412329566555253,0.10679611650485436,0.0,0.5655737704918032,"[[11,60,120],[0,0,63],[4,25,138]]"
real_only,simple_cnn,25,6,20,file_id_1,1,75,421,0.35629453681710216,0.18726591760299627,0.0,0.0,0.5617977528089888,"[[0,37,154],[0,0,63],[0,17,150]]"
real_only,simple_cnn,25,7,20,file_id_1,1,75,421,0.3681710213776722,0.22007852959208962,0.07920792079207921,0.0,0.5810276679841897,"[[8,54,129],[0,0,63],[3,17,147]]"
real_only,simple_cnn,25,8,20,file_id_1,1,75,421,0.36104513064133015,0.26145385538902444,0.22807017543859648,0.0,0.5562913907284768,"[[26,68,97],[0,0,63],[11,30,126]]"
real_only,simple_cnn,25,9,20,file_id_1,1,75,421,0.30403800475059384,0.22247357323391004,0.1651376146788991,0.0,0.502283105022831,"[[18,75,98],[0,0,63],[9,48,110]]"
real_only,simple_cnn,50,0,20,file_id_1,1,150,421,0.47030878859857483,0.37241819632881085,0.6201117318435754,0.0,0.49714285714285716,"[[111,47,33],[0,0,63],[56,24,87]]"
real_only,simple_cnn,50,1,20,file_id_1,1,150,421,0.5653206650831354,0.42487453675579007,0.6435331230283912,0.0,0.6310904872389791,"[[102,24,65],[0,0,63],[24,7,136]]"
real_only,simple_cnn,50,2,20,file_id_1,1,150,421,0.40617577197149646,0.31981529813290505,0.4300341296928328,0.0,0.5294117647058824,"[[63,58,70],[0,0,63],[39,20,108]]"
real_only,simple_cnn,50,3,20,file_id_1,1,150,421,0.41092636579572445,0.30581600644508816,0.35797665369649806,0.0,0.5594713656387665,"[[46,48,97],[0,0,63],[20,20,127]]"
real_only,simple_cnn,50,4,20,file_id_1,1,150,421,0.4014251781472684,0.30206043956043954,0.36153846153846153,0.0,0.5446428571428571,"[[47,48,96],[0,0,63],[22,23,122]]"
real_only,simple_cnn,50,5,20,file_id_1,1,150,421,0.43942992874109266,0.32802496150417376,0.3888888888888889,0.0,0.5951859956236324,"[[49,51,91],[0,0,63],[12,19,136]]"
real_only,simple_cnn,50,6,20,file_id_1,1,150,421,0.44655581947743467,0.33051063368219785,0.45051194539249145,0.0,0.541019955654102,"[[66,26,99],[0,0,63],[36,9,122]]"
real_only,simple_cnn,50,7,20,file_id_1,1,150,421,0.39667458432304037,0.2933151980533269,0.32684824902723736,0.0,0.5530973451327433,"[[42,52,97],[0,0,63],[24,18,125]]"
real_only,simple_cnn,50,8,20,file_id_1,1,150,421,0.44655581947743467,0.34650047938638545,0.4966442953020134,0.0,0.5428571428571428,"[[74,41,76],[0,0,63],[33,20,114]]"
real_only,simple_cnn,50,9,20,file_id_1,1,150,421,0.4251781472684085,0.32616487455197135,0.4229390681003584,0.0,0.5555555555555556,"[[59,50,82],[0,0,63],[29,18,120]]"
real_only,simple_cnn,full,0,20,file_id_2,2,1292,445,0.9415730337078652,0.9101700921332389,0.9216867469879518,0.8088235294117647,1.0,"[[153,22,0],[4,55,0],[0,0,211]]"
real_only,simple_cnn,10,0,20,file_id_2,2,30,445,0.42921348314606744,0.35021254329737334,0.11650485436893204,0.29955947136563876,0.6345733041575492,"[[12,72,91],[15,34,10],[4,62,145]]"
real_only,simple_cnn,10,1,20,file_id_2,2,30,445,0.23370786516853934,0.17706852262012404,0.03333333333333333,0.07829181494661921,0.4195804195804196,"[[3,90,82],[2,11,46],[0,121,90]]"
real_only,simple_cnn,10,2,20,file_id_2,2,30,445,0.49213483146067416,0.3181889149102264,0.0,0.2857142857142857,0.6688524590163935,"[[0,24,151],[0,15,44],[0,7,204]]"
real_only,simple_cnn,10,3,20,file_id_2,2,30,445,0.39101123595505616,0.3216353330214291,0.2551440329218107,0.09259259259259259,0.617169373549884,"[[31,73,71],[33,10,16],[4,74,133]]"
real_only,simple_cnn,10,4,20,file_id_2,2,30,445,0.4584269662921348,0.34843914232467377,0.1645021645021645,0.1839080459770115,0.6969072164948453,"[[19,59,97],[35,16,8],[2,40,169]]"
real_only,simple_cnn,10,5,20,file_id_2,2,30,445,0.42696629213483145,0.31986531986531985,0.0,0.34545454545454546,0.6141414141414141,"[[0,64,111],[0,38,21],[0,59,152]]"
real_only,simple_cnn,10,6,20,file_id_2,2,30,445,0.15280898876404495,0.11469188893678921,0.011363636363636364,0.23554603854389722,0.09716599190283401,"[[1,154,20],[0,55,4],[0,199,12]]"
real_only,simple_cnn,10,7,20,file_id_2,2,30,445,0.21348314606741572,0.1898470496839729,0.09574468085106383,0.2700228832951945,0.2037735849056604,"[[9,139,27],[0,59,0],[4,180,27]]"
real_only,simple_cnn,10,8,20,file_id_2,2,30,445,0.28314606741573034,0.24015978948369607,0.0,0.2914572864321608,0.42902208201892744,"[[0,138,37],[0,58,1],[0,143,68]]"
real_only,simple_cnn,10,9,20,file_id_2,2,30,445,0.3550561797752809,0.2620734338411345,0.125,0.11650485436893204,0.5447154471544715,"[[12,61,102],[2,12,45],[3,74,134]]"
real_only,simple_cnn,25,0,20,file_id_2,2,75,445,0.4202247191011236,0.40075795527738567,0.2909090909090909,0.34394904458598724,0.5674157303370787,"[[32,101,42],[3,54,2],[10,100,101]]"
real_only,simple_cnn,25,1,20,file_id_2,2,75,445,0.5707865168539326,0.46068809822098694,0.36823104693140796,0.2542372881355932,0.7595959595959596,"[[51,31,93],[41,15,3],[10,13,188]]"
real_only,simple_cnn,25,2,20,file_id_2,2,75,445,0.5123595505617977,0.4092157770869714,0.055248618784530384,0.4435483870967742,0.7288503253796096,"[[5,91,79],[1,55,3],[0,43,168]]"
real_only,simple_cnn,25,3,20,file_id_2,2,75,445,0.45393258426966293,0.37909759532285053,0.4958217270194986,0.049079754601226995,0.592391304347826,"[[89,41,45],[52,4,3],[43,59,109]]"
real_only,simple_cnn,25,4,20,file_id_2,2,75,445,0.2853932584269663,0.2764707622785729,0.33774834437086093,0.11278195488721804,0.37888198757763975,"[[51,83,41],[35,15,9],[41,109,61]]"
real_only,simple_cnn,25,5,20,file_id_2,2,75,445,0.3752808988764045,0.36375348556396386,0.31275720164609055,0.25249169435215946,0.5260115606936416,"[[38,97,40],[17,38,4],[13,107,91]]"
real_only,simple_cnn,25,6,20,file_id_2,2,75,445,0.45393258426966293,0.35955919762063154,0.21782178217821782,0.2131979695431472,0.6476578411405295,"[[22,67,86],[3,21,35],[2,50,159]]"
real_only,simple_cnn,25,7,20,file_id_2,2,75,445,0.5213483146067416,0.4364716223331048,0.17674418604651163,0.42391304347826086,0.7087576374745418,"[[19,54,102],[16,39,4],[5,32,174]]"
real_only,simple_cnn,25,8,20,file_id_2,2,75,445,0.42696629213483145,0.3659562913740011,0.14507772020725387,0.373015873015873,0.5797752808988764,"[[14,68,93],[0,47,12],[4,78,129]]"
real_only,simple_cnn,25,9,20,file_id_2,2,75,445,0.5258426966292135,0.467814976548601,0.23148148148148148,0.49074074074074076,0.6812227074235808,"[[25,64,86],[1,53,5],[15,40,156]]"
real_only,simple_cnn,50,0,20,file_id_2,2,150,445,0.6494382022471911,0.5918143832314574,0.5289855072463768,0.41935483870967744,0.8271028037383178,"[[73,64,38],[18,39,2],[10,24,177]]"
real_only,simple_cnn,50,1,20,file_id_2,2,150,445,0.7640449438202247,0.6956172795453271,0.7190332326283988,0.4881889763779528,0.8796296296296297,"[[119,25,31],[28,31,0],[9,12,190]]"
real_only,simple_cnn,50,2,20,file_id_2,2,150,445,0.6584269662921348,0.6166667281472851,0.5694915254237288,0.5211267605633803,0.7593818984547461,"[[84,22,69],[21,37,1],[15,24,172]]"
real_only,simple_cnn,50,3,20,file_id_2,2,150,445,0.604494382022472,0.5570852602135402,0.4157706093189964,0.5033112582781457,0.7521739130434782,"[[58,43,74],[19,38,2],[27,11,173]]"
real_only,simple_cnn,50,4,20,file_id_2,2,150,445,0.5235955056179775,0.4555245656768499,0.3956043956043956,0.2233502538071066,0.7476190476190476,"[[54,71,50],[35,22,2],[9,45,157]]"
real_only,simple_cnn,50,5,20,file_id_2,2,150,445,0.7280898876404495,0.6878544896704389,0.6176470588235294,0.624113475177305,0.8218029350104822,"[[84,26,65],[10,44,5],[3,12,196]]"
real_only,simple_cnn,50,6,20,file_id_2,2,150,445,0.698876404494382,0.70188151382773,0.5665529010238908,0.7787610619469026,0.7603305785123967,"[[83,5,87],[13,44,2],[22,5,184]]"
real_only,simple_cnn,50,7,20,file_id_2,2,150,445,0.6786516853932584,0.6093309110808366,0.5768025078369906,0.45544554455445546,0.7957446808510639,"[[92,12,71],[35,23,1],[17,7,187]]"
real_only,simple_cnn,50,8,20,file_id_2,2,150,445,0.7370786516853932,0.7122432000796195,0.6518518518518519,0.6797385620915033,0.8051391862955032,"[[88,25,62],[1,52,6],[6,17,188]]"
real_only,simple_cnn,50,9,20,file_id_2,2,150,445,0.6404494382022472,0.5776471440263143,0.578397212543554,0.36470588235294116,0.789838337182448,"[[83,55,37],[14,31,14],[15,25,171]]"
real_only,simple_cnn,full,0,20,file_id_4,4,1436,301,0.8970099667774086,0.8732354619691666,0.8871595330739299,0.7457627118644068,0.986784140969163,"[[114,1,0],[27,44,0],[1,2,112]]"
real_only,simple_cnn,10,0,20,file_id_4,4,30,301,0.3554817275747508,0.32272390928006706,0.10687022900763359,0.4014084507042254,0.45989304812834225,"[[7,85,23],[8,57,6],[1,71,43]]"
real_only,simple_cnn,10,1,20,file_id_4,4,30,301,0.2425249169435216,0.15246921600046193,0.0,0.37988826815642457,0.07751937984496124,"[[0,109,6],[0,68,3],[0,110,5]]"
real_only,simple_cnn,10,2,20,file_id_4,4,30,301,0.23920265780730898,0.1618964096840203,0.0,0.3775811209439528,0.10810810810810811,"[[0,97,18],[0,64,7],[0,107,8]]"
real_only,simple_cnn,10,3,20,file_id_4,4,30,301,0.29900332225913623,0.23521706586826344,0.0,0.40625,0.2994011976047904,"[[0,94,21],[0,65,6],[0,90,25]]"
real_only,simple_cnn,10,4,20,file_id_4,4,30,301,0.26245847176079734,0.18586523946754493,0.0,0.3861671469740634,0.17142857142857143,"[[0,106,9],[0,67,4],[0,103,12]]"
real_only,simple_cnn,10,5,20,file_id_4,4,30,301,0.24584717607973422,0.1583064307764483,0.06504065040650407,0.3756906077348066,0.03418803418803419,"[[4,111,0],[3,68,0],[1,112,2]]"
real_only,simple_cnn,10,6,20,file_id_4,4,30,301,0.24584717607973422,0.16808496336627007,0.0,0.38011695906432746,0.12413793103448276,"[[0,100,15],[0,65,6],[0,106,9]]"
real_only,simple_cnn,10,7,20,file_id_4,4,30,301,0.2956810631229236,0.23230321736590076,0.0,0.3987730061349693,0.2981366459627329,"[[0,99,16],[0,65,6],[0,91,24]]"
real_only,simple_cnn,10,8,20,file_id_4,4,30,301,0.27906976744186046,0.22281496638409823,0.0,0.3729903536977492,0.29545454545454547,"[[0,93,22],[0,58,13],[0,89,26]]"
real_only,simple_cnn,10,9,20,file_id_4,4,30,301,0.292358803986711,0.23402593406033378,0.03418803418803419,0.39628482972136225,0.2716049382716049,"[[2,95,18],[0,64,7],[0,93,22]]"
real_only,simple_cnn,25,0,20,file_id_4,4,75,301,0.38870431893687707,0.3640404196517701,0.22900763358778625,0.4404332129963899,0.422680412371134,"[[15,71,29],[1,61,9],[0,74,41]]"
real_only,simple_cnn,25,1,20,file_id_4,4,75,301,0.47840531561461797,0.43818863397810776,0.2,0.5101214574898786,0.6044444444444445,"[[13,68,34],[0,63,8],[2,45,68]]"
real_only,simple_cnn,25,2,20,file_id_4,4,75,301,0.3687707641196013,0.3476587824787531,0.2647058823529412,0.42244224422442245,0.3558282208588957,"[[18,85,12],[0,64,7],[3,83,29]]"
real_only,simple_cnn,25,3,20,file_id_4,4,75,301,0.4584717607973422,0.4376446503150344,0.5278810408921933,0.3194444444444444,0.4656084656084656,"[[71,22,22],[40,23,8],[43,28,44]]"
real_only,simple_cnn,25,4,20,file_id_4,4,75,301,0.34219269102990035,0.29407985827695243,0.524822695035461,0.1956521739130435,0.16176470588235295,"[[74,34,7],[50,18,3],[43,61,11]]"
real_only,simple_cnn,25,5,20,file_id_4,4,75,301,0.27906976744186046,0.21407435596369087,0.11382113821138211,0.3930635838150289,0.13533834586466165,"[[7,102,6],[0,68,3],[1,105,9]]"
real_only,simple_cnn,25,6,20,file_id_4,4,75,301,0.4219269102990033,0.3962785157037816,0.2318840579710145,0.4721030042918455,0.48484848484848486,"[[16,52,47],[3,55,13],[4,55,56]]"
real_only,simple_cnn,25,7,20,file_id_4,4,75,301,0.48172757475083056,0.45763690609861735,0.5714285714285714,0.3424657534246575,0.45901639344262296,"[[78,16,21],[41,25,5],[39,34,42]]"
real_only,simple_cnn,25,8,20,file_id_4,4,75,301,0.4186046511627907,0.35693227584334136,0.05042016806722689,0.4634146341463415,0.5569620253164557,"[[3,69,43],[1,57,13],[0,49,66]]"
real_only,simple_cnn,25,9,20,file_id_4,4,75,301,0.33554817275747506,0.3148840515490565,0.20915032679738563,0.41911764705882354,0.3163841807909605,"[[16,74,25],[5,57,9],[17,70,28]]"
real_only,simple_cnn,50,0,20,file_id_4,4,150,301,0.521594684385382,0.49211730092253364,0.6468401486988847,0.3037974683544304,0.5257142857142857,"[[87,18,10],[43,24,4],[24,45,46]]"
real_only,simple_cnn,50,1,20,file_id_4,4,150,301,0.717607973421927,0.7139686877454707,0.711864406779661,0.6753246753246753,0.7547169811320755,"[[84,17,14],[16,52,3],[21,14,80]]"
real_only,simple_cnn,50,2,20,file_id_4,4,150,301,0.4983388704318937,0.4957763990915896,0.6153846153846154,0.4765957446808511,0.3953488372093023,"[[60,35,20],[12,56,3],[8,73,34]]"
real_only,simple_cnn,50,3,20,file_id_4,4,150,301,0.5548172757475083,0.5551254984752522,0.5024630541871922,0.5812807881773399,0.5816326530612245,"[[51,46,18],[6,59,6],[31,27,57]]"
real_only,simple_cnn,50,4,20,file_id_4,4,150,301,0.47840531561461797,0.4608286158562567,0.2898550724637681,0.4740740740740741,0.6185567010309279,"[[20,81,14],[2,64,5],[1,54,60]]"
real_only,simple_cnn,50,5,20,file_id_4,4,150,301,0.6146179401993356,0.613716584608034,0.6391752577319587,0.5775401069518716,0.6244343891402715,"[[62,23,30],[10,54,7],[7,39,69]]"
real_only,simple_cnn,50,6,20,file_id_4,4,150,301,0.7009966777408638,0.6919048492310917,0.6341463414634146,0.6578947368421053,0.7836734693877551,"[[65,25,25],[12,50,9],[13,6,96]]"
real_only,simple_cnn,50,7,20,file_id_4,4,150,301,0.6877076411960132,0.6550860293982116,0.6694560669456067,0.4411764705882353,0.8546255506607929,"[[80,23,12],[38,30,3],[6,12,97]]"
real_only,simple_cnn,50,8,20,file_id_4,4,150,301,0.6013289036544851,0.5889375355124983,0.6071428571428571,0.4900662251655629,0.6696035242290749,"[[68,20,27],[25,37,9],[16,23,76]]"
real_only,simple_cnn,50,9,20,file_id_4,4,150,301,0.5880398671096345,0.5878044626128428,0.5789473684210527,0.5339805825242718,0.6504854368932039,"[[55,42,18],[10,55,6],[10,38,67]]"
real_only,simple_cnn,full,0,20,file_id_5,5,1424,313,0.9488817891373802,0.9390824666303387,0.9494163424124513,0.8805970149253731,0.9872340425531915,"[[122,1,0],[12,59,0],[0,3,116]]"
real_only,simple_cnn,10,0,20,file_id_5,5,30,313,0.3929712460063898,0.34181060054472406,0.0625,0.41825095057034223,0.5446808510638298,"[[4,82,37],[1,55,15],[0,55,64]]"
real_only,simple_cnn,10,1,20,file_id_5,5,30,313,0.43130990415335463,0.36930816115684734,0.043795620437956206,0.42290748898678415,0.6412213740458015,"[[3,73,47],[11,48,12],[0,35,84]]"
real_only,simple_cnn,10,2,20,file_id_5,5,30,313,0.2523961661341853,0.2034679012432675,0.047619047619047616,0.41924398625429554,0.14354066985645933,"[[3,55,65],[0,61,10],[0,104,15]]"
real_only,simple_cnn,10,3,20,file_id_5,5,30,313,0.36741214057507987,0.3271679736064868,0.13333333333333333,0.3248730964467005,0.5232974910394266,"[[10,48,65],[17,32,22],[0,46,73]]"
real_only,simple_cnn,10,4,20,file_id_5,5,30,313,0.23003194888178913,0.12914128227444155,0.0,0.370757180156658,0.016666666666666666,"[[0,123,0],[0,71,0],[0,118,1]]"
real_only,simple_cnn,10,5,20,file_id_5,5,30,313,0.4057507987220447,0.3489869602931401,0.03125,0.42696629213483145,0.5887445887445888,"[[2,89,32],[2,57,12],[1,50,68]]"
real_only,simple_cnn,10,6,20,file_id_5,5,30,313,0.34185303514376997,0.2882306099697404,0.0,0.3516483516483517,0.5130434782608696,"[[0,94,29],[0,48,23],[0,60,59]]"
real_only,simple_cnn,10,7,20,file_id_5,5,30,313,0.268370607028754,0.1961945498213543,0.016129032258064516,0.3867403314917127,0.18571428571428572,"[[1,115,7],[0,70,1],[0,106,13]]"
real_only,simple_cnn,10,8,20,file_id_5,5,30,313,0.3993610223642173,0.4005856614172985,0.36464088397790057,0.3724696356275304,0.46464646464646464,"[[33,65,25],[17,46,8],[8,65,46]]"
real_only,simple_cnn,10,9,20,file_id_5,5,30,313,0.28434504792332266,0.22400760569286926,0.015873015873015872,0.3952802359882006,0.2608695652173913,"[[1,104,18],[1,67,3],[1,97,21]]"
real_only,simple_cnn,25,0,20,file_id_5,5,75,313,0.4952076677316294,0.4821502488076175,0.345679012345679,0.45188284518828453,0.6488888888888888,"[[28,69,26],[10,54,7],[1,45,73]]"
real_only,simple_cnn,25,1,20,file_id_5,5,75,313,0.5527156549520766,0.5185544962123484,0.5412844036697247,0.3006535947712418,0.7137254901960784,"[[59,34,30],[33,23,15],[3,25,91]]"
real_only,simple_cnn,25,2,20,file_id_5,5,75,313,0.3738019169329074,0.3540103062578633,0.2777777777777778,0.42996742671009774,0.35428571428571426,"[[20,83,20],[0,66,5],[1,87,31]]"
real_only,simple_cnn,25,3,20,file_id_5,5,75,313,0.46645367412140576,0.41440834791380965,0.5911949685534591,0.24060150375939848,0.4114285714285714,"[[94,13,16],[51,16,4],[50,33,36]]"
real_only,simple_cnn,25,4,20,file_id_5,5,75,313,0.41214057507987223,0.412883218146376,0.41818181818181815,0.3888888888888889,0.43157894736842106,"[[46,59,18],[17,42,12],[34,44,41]]"
real_only,simple_cnn,25,5,20,file_id_5,5,75,313,0.4249201277955272,0.4125581859196395,0.2732919254658385,0.44696969696969696,0.5174129353233831,"[[22,78,23],[5,59,7],[11,56,52]]"
real_only,simple_cnn,25,6,20,file_id_5,5,75,313,0.4185303514376997,0.3770431473706717,0.14705882352941177,0.4669603524229075,0.5171102661596958,"[[10,53,60],[2,53,16],[1,50,68]]"
real_only,simple_cnn,25,7,20,file_id_5,5,75,313,0.5239616613418531,0.44911609294955723,0.09230769230769231,0.5087719298245614,0.746268656716418,"[[6,81,36],[0,58,13],[1,18,100]]"
real_only,simple_cnn,25,8,20,file_id_5,5,75,313,0.3769968051118211,0.34434434434434436,0.17777777777777778,0.4444444444444444,0.41081081081081083,"[[12,86,25],[0,68,3],[0,81,38]]"
real_only,simple_cnn,25,9,20,file_id_5,5,75,313,0.4696485623003195,0.42798109798798323,0.13333333333333333,0.4978902953586498,0.6527196652719666,"[[10,79,34],[4,59,8],[13,28,78]]"
real_only,simple_cnn,50,0,20,file_id_5,5,150,313,0.7476038338658147,0.7219474168293066,0.8346456692913385,0.5256410256410257,0.8055555555555556,"[[106,14,3],[23,41,7],[2,30,87]]"
real_only,simple_cnn,50,1,20,file_id_5,5,150,313,0.7284345047923323,0.7019147017098385,0.7109375,0.549618320610687,0.8451882845188284,"[[91,18,14],[30,36,5],[12,6,101]]"
real_only,simple_cnn,50,2,20,file_id_5,5,150,313,0.7476038338658147,0.7307092117592653,0.8015873015873016,0.6330935251798561,0.7574468085106383,"[[101,4,18],[18,44,9],[10,20,89]]"
real_only,simple_cnn,50,3,20,file_id_5,5,150,313,0.6293929712460063,0.6237628522253592,0.5812807881773399,0.618421052631579,0.6715867158671587,"[[59,13,51],[14,47,10],[7,21,91]]"
real_only,simple_cnn,50,4,20,file_id_5,5,150,313,0.5239616613418531,0.49324082889177084,0.2631578947368421,0.44537815126050423,0.7711864406779662,"[[20,86,17],[9,53,9],[0,28,91]]"
real_only,simple_cnn,50,5,20,file_id_5,5,150,313,0.7124600638977636,0.7054768591583908,0.7433628318584071,0.6419753086419753,0.7310924369747899,"[[84,14,25],[12,52,7],[7,25,87]]"
real_only,simple_cnn,50,6,20,file_id_5,5,150,313,0.7156549520766773,0.679834785097943,0.7368421052631579,0.48484848484848486,0.8178137651821862,"[[91,19,13],[25,32,14],[8,10,101]]"
real_only,simple_cnn,50,7,20,file_id_5,5,150,313,0.7667731629392971,0.7727915279587011,0.726530612244898,0.8085106382978723,0.7833333333333333,"[[89,10,24],[11,57,3],[22,3,94]]"
real_only,simple_cnn,50,8,20,file_id_5,5,150,313,0.7667731629392971,0.7601632018269155,0.7450980392156863,0.7228915662650602,0.8125,"[[76,22,25],[3,60,8],[2,13,104]]"
real_only,simple_cnn,50,9,20,file_id_5,5,150,313,0.7348242811501597,0.7214181287062438,0.7046632124352331,0.6506024096385542,0.8089887640449438,"[[68,30,25],[2,54,15],[0,11,108]]"
real_only,simple_cnn,full,0,20,file_id_10,10,1480,257,0.4785992217898833,0.49382691398944417,0.3184713375796178,0.3448275862068966,0.8181818181818182,"[[25,45,1],[61,35,23],[0,4,63]]"
real_only,simple_cnn,10,0,20,file_id_10,10,30,257,0.42023346303501946,0.3138453242259471,0.0,0.5259515570934256,0.4155844155844156,"[[0,59,12],[0,76,43],[0,35,32]]"
real_only,simple_cnn,10,1,20,file_id_10,10,30,257,0.4396887159533074,0.24391588994272173,0.05263157894736842,0.6050420168067226,0.07407407407407407,"[[2,66,3],[3,108,8],[0,64,3]]"
real_only,simple_cnn,10,2,20,file_id_10,10,30,257,0.5525291828793775,0.4327626977047137,0.0,0.6090225563909775,0.6892655367231638,"[[0,60,11],[0,81,38],[0,6,61]]"
real_only,simple_cnn,10,3,20,file_id_10,10,30,257,0.40077821011673154,0.30933355077190694,0.0,0.3744292237442922,0.5535714285714286,"[[0,54,17],[0,41,78],[0,5,62]]"
real_only,simple_cnn,10,4,20,file_id_10,10,30,257,0.4785992217898833,0.3649728347714925,0.0,0.5714285714285714,0.5234899328859061,"[[0,63,8],[0,84,35],[0,28,39]]"
real_only,simple_cnn,10,5,20,file_id_10,10,30,257,0.47470817120622566,0.37019885968571825,0.0,0.5254901960784314,0.5851063829787234,"[[0,57,14],[0,67,52],[0,12,55]]"
real_only,simple_cnn,10,6,20,file_id_10,10,30,257,0.42412451361867703,0.23393753200204814,0.0,0.5942857142857143,0.10752688172043011,"[[0,65,6],[0,104,15],[0,62,5]]"
real_only,simple_cnn,10,7,20,file_id_10,10,30,257,0.4396887159533074,0.3113459119496855,0.0,0.5660377358490566,0.368,"[[0,65,6],[0,90,29],[0,44,23]]"
real_only,simple_cnn,10,8,20,file_id_10,10,30,257,0.5097276264591439,0.39896953405017915,0.0,0.5625,0.6344086021505376,"[[0,57,14],[1,72,46],[0,8,59]]"
real_only,simple_cnn,10,9,20,file_id_10,10,30,257,0.43190661478599224,0.2714567483798253,0.0,0.5857988165680473,0.22857142857142856,"[[0,65,6],[0,99,20],[0,55,12]]"
real_only,simple_cnn,25,0,20,file_id_10,10,75,257,0.4085603112840467,0.3510671381085147,0.042105263157894736,0.40336134453781514,0.6077348066298343,"[[2,59,10],[22,48,49],[0,12,55]]"
real_only,simple_cnn,25,1,20,file_id_10,10,75,257,0.46303501945525294,0.4721482004258795,0.47337278106508873,0.31016042780748665,0.6329113924050633,"[[40,23,8],[57,29,33],[1,16,50]]"
real_only,simple_cnn,25,2,20,file_id_10,10,75,257,0.5175097276264592,0.4260478840805078,0.04878048780487805,0.5910652920962199,0.6382978723404256,"[[2,64,5],[9,86,24],[0,22,45]]"
real_only,simple_cnn,25,3,20,file_id_10,10,75,257,0.25680933852140075,0.2523903632599285,0.39285714285714285,0.2077922077922078,0.1565217391304348,"[[33,31,7],[63,24,32],[1,57,9]]"
real_only,simple_cnn,25,4,20,file_id_10,10,75,257,0.45136186770428016,0.21590795647399422,0.0,0.6199460916442049,0.027777777777777776,"[[0,71,0],[0,115,4],[0,66,1]]"
real_only,simple_cnn,25,5,20,file_id_10,10,75,257,0.4785992217898833,0.3475180945536677,0.0,0.5962732919254659,0.4462809917355372,"[[0,67,4],[0,96,23],[0,40,27]]"
real_only,simple_cnn,25,6,20,file_id_10,10,75,257,0.38910505836575876,0.21919879062736206,0.0,0.5555555555555556,0.10204081632653061,"[[0,66,5],[3,95,21],[0,62,5]]"
real_only,simple_cnn,25,7,20,file_id_10,10,75,257,0.42412451361867703,0.3453932864769366,0.05333333333333334,0.4714828897338403,0.5113636363636364,"[[2,60,9],[2,62,55],[0,22,45]]"
real_only,simple_cnn,25,8,20,file_id_10,10,75,257,0.4474708171206226,0.4170735930735931,0.18181818181818182,0.472,0.5974025974025974,"[[10,51,10],[29,59,31],[0,21,46]]"
real_only,simple_cnn,25,9,20,file_id_10,10,75,257,0.42412451361867703,0.3385544635544635,0.02702702702702703,0.4772727272727273,0.5113636363636364,"[[1,60,10],[2,63,54],[0,22,45]]"
real_only,simple_cnn,50,0,20,file_id_10,10,150,257,0.26459143968871596,0.29505446897379123,0.20118343195266272,0.08823529411764706,0.5957446808510638,"[[17,51,3],[81,9,29],[0,25,42]]"
real_only,simple_cnn,50,1,20,file_id_10,10,150,257,0.21011673151750973,0.22690233985722605,0.18633540372670807,0.16379310344827586,0.3305785123966942,"[[15,51,5],[71,19,29],[4,43,20]]"
real_only,simple_cnn,50,2,20,file_id_10,10,150,257,0.17509727626459143,0.18288307527545747,0.11510791366906475,0.15447154471544716,0.27906976744186046,"[[8,59,4],[60,19,40],[0,49,18]]"
real_only,simple_cnn,50,3,20,file_id_10,10,150,257,0.2490272373540856,0.240022714738917,0.12280701754385964,0.226890756302521,0.37037037037037035,"[[7,55,9],[36,27,56],[0,37,30]]"
real_only,simple_cnn,50,4,20,file_id_10,10,150,257,0.2529182879377432,0.23637419074970997,0.1346153846153846,0.26877470355731226,0.3057324840764331,"[[7,57,7],[26,34,59],[0,43,24]]"
real_only,simple_cnn,50,5,20,file_id_10,10,150,257,0.3424124513618677,0.30045781556572926,0.12,0.4072727272727273,0.37410071942446044,"[[6,59,6],[23,56,40],[0,41,26]]"
real_only,simple_cnn,50,6,20,file_id_10,10,150,257,0.16342412451361868,0.1748366013071895,0.2222222222222222,0.1111111111111111,0.19117647058823528,"[[16,48,7],[57,13,49],[0,54,13]]"
real_only,simple_cnn,50,7,20,file_id_10,10,150,257,0.23346303501945526,0.24320506900830444,0.15602836879432624,0.21138211382113822,0.36220472440944884,"[[11,57,3],[59,26,34],[0,44,23]]"
real_only,simple_cnn,50,8,20,file_id_10,10,150,257,0.25680933852140075,0.2515024252192534,0.12903225806451613,0.2530612244897959,0.3724137931034483,"[[8,55,8],[45,31,43],[0,40,27]]"
real_only,simple_cnn,50,9,20,file_id_10,10,150,257,0.3035019455252918,0.2667302698381835,0.09009009009009009,0.37410071942446044,0.336,"[[5,63,3],[33,52,34],[2,44,21]]"
