baseline,model,n_real,seed,fold,heldout_file_id,n_train,n_val,acc,macro_f1,f1_normal_machining,f1_lead_screw_anomaly,f1_base_imbalance,confusion
majority,majority,full,0,file_id_1,1,1316,421,0.39667458432304037,0.1893424036281179,0.0,0.0,0.5680272108843537,"[[0,0,191],[0,0,63],[0,0,167]]"
window_position_only,extra_trees,full,0,file_id_1,1,1316,421,0.6033254156769596,0.5652701882210079,0.6958105646630237,1.0,0.0,"[[191,0,0],[0,63,0],[167,0,0]]"
signal_feature_only,extra_trees,full,0,file_id_1,1,1316,421,0.8432304038004751,0.653720532307897,0.9787234042553191,0.13333333333333333,0.8491048593350383,"[[184,7,0],[0,5,58],[1,0,166]]"
signal_feature_only,extra_trees,10,0,file_id_1,1,30,421,0.8076009501187649,0.5944642199863286,0.9487870619946092,0.0,0.8346055979643766,"[[176,15,0],[1,0,62],[3,0,164]]"
signal_feature_only,extra_trees,10,1,file_id_1,1,30,421,0.6959619952494062,0.5287169420680495,0.8206521739130435,0.0,0.7654986522911051,"[[151,40,0],[1,0,62],[25,0,142]]"
signal_feature_only,extra_trees,10,2,file_id_1,1,30,421,0.8242280285035629,0.69319584282974,0.9295039164490861,0.3076923076923077,0.842391304347826,"[[178,13,0],[3,14,46],[11,1,155]]"
signal_feature_only,extra_trees,10,3,file_id_1,1,30,421,0.8099762470308789,0.7758082588119463,0.8578947368421053,0.6351351351351351,0.8343949044585988,"[[163,28,0],[0,47,16],[26,10,131]]"
signal_feature_only,extra_trees,10,4,file_id_1,1,30,421,0.7292161520190024,0.5449980908743796,0.9072164948453608,0.0,0.7277777777777777,"[[176,15,0],[1,0,62],[20,16,131]]"
signal_feature_only,extra_trees,10,5,file_id_1,1,30,421,0.8076009501187649,0.5964183430523446,0.947945205479452,0.0,0.8413098236775819,"[[173,17,1],[1,0,62],[0,0,167]]"
signal_feature_only,extra_trees,10,6,file_id_1,1,30,421,0.7268408551068883,0.5467008354398292,0.8956743002544529,0.021739130434782608,0.7226890756302521,"[[176,15,0],[1,1,61],[25,13,129]]"
signal_feature_only,extra_trees,10,7,file_id_1,1,30,421,0.8052256532066508,0.5950791055941925,0.9251336898395722,0.0,0.8601036269430051,"[[173,18,0],[10,0,53],[0,1,166]]"
signal_feature_only,extra_trees,10,8,file_id_1,1,30,421,0.7790973871733967,0.5784063132900342,0.9135135135135135,0.0,0.8217054263565892,"[[169,22,0],[2,0,61],[8,0,159]]"
signal_feature_only,extra_trees,10,9,file_id_1,1,30,421,0.7695961995249406,0.5803737262336401,0.9065155807365439,0.0,0.8346055979643766,"[[160,31,0],[1,0,62],[1,2,164]]"
signal_feature_only,extra_trees,25,0,file_id_1,1,75,421,0.7909738717339667,0.6326882031617407,0.9136490250696379,0.14285714285714285,0.8415584415584415,"[[164,27,0],[0,7,56],[4,1,162]]"
signal_feature_only,extra_trees,25,1,file_id_1,1,75,421,0.9596199524940617,0.9426740407449069,0.9658792650918635,0.88,0.9821428571428571,"[[184,7,0],[4,55,4],[2,0,165]]"
signal_feature_only,extra_trees,25,2,file_id_1,1,75,421,0.9168646080760094,0.8972815281113503,0.9044943820224719,0.802547770700637,0.9848024316109423,"[[161,30,0],[0,63,0],[4,1,162]]"
signal_feature_only,extra_trees,25,3,file_id_1,1,75,421,0.850356294536817,0.6493490294059293,0.9326683291770573,0.11267605633802817,0.9027027027027027,"[[187,4,0],[23,4,36],[0,0,167]]"
signal_feature_only,extra_trees,25,4,file_id_1,1,75,421,0.9263657957244655,0.8881023723162187,0.9651474530831099,0.7563025210084033,0.9428571428571428,"[[180,11,0],[0,45,18],[2,0,165]]"
signal_feature_only,extra_trees,25,5,file_id_1,1,75,421,0.9596199524940617,0.9539681886158246,0.9573934837092731,0.9322033898305084,0.9723076923076923,"[[191,0,0],[8,55,0],[9,0,158]]"
signal_feature_only,extra_trees,25,6,file_id_1,1,75,421,0.8812351543942993,0.8238398396059843,0.9273743016759777,0.6141732283464567,0.9299719887955182,"[[166,25,0],[0,39,24],[1,0,166]]"
signal_feature_only,extra_trees,25,7,file_id_1,1,75,421,0.7862232779097387,0.6013200685839103,0.9183098591549296,0.043010752688172046,0.8426395939086294,"[[163,28,0],[0,2,61],[1,0,166]]"
signal_feature_only,extra_trees,25,8,file_id_1,1,75,421,0.8004750593824228,0.5926362637997804,0.9424657534246575,0.0,0.8354430379746836,"[[172,19,0],[0,0,63],[2,0,165]]"
signal_feature_only,extra_trees,25,9,file_id_1,1,75,421,0.7743467933491687,0.5952225216791912,0.9168900804289544,0.06666666666666667,0.8021108179419525,"[[171,20,0],[0,3,60],[11,4,152]]"
signal_feature_only,extra_trees,50,0,file_id_1,1,150,421,0.7933491686460807,0.5905723905723906,0.9333333333333333,0.0,0.8383838383838383,"[[168,23,0],[0,0,63],[1,0,166]]"
signal_feature_only,extra_trees,50,1,file_id_1,1,150,421,0.8052256532066508,0.6724940025278316,0.8938547486033519,0.24299065420560748,0.8806366047745358,"[[160,31,0],[6,13,44],[1,0,166]]"
signal_feature_only,extra_trees,50,2,file_id_1,1,150,421,0.7980997624703088,0.5881298756061565,0.9408602150537635,0.0,0.8235294117647058,"[[175,16,0],[0,0,63],[6,0,161]]"
signal_feature_only,extra_trees,50,3,file_id_1,1,150,421,0.9026128266033254,0.8434114319189349,0.9623655913978495,0.6486486486486487,0.9192200557103064,"[[179,12,0],[0,36,27],[2,0,165]]"
signal_feature_only,extra_trees,50,4,file_id_1,1,150,421,0.8004750593824228,0.5916076630895748,0.9402173913043478,0.0,0.8346055979643766,"[[173,18,0],[1,0,62],[3,0,164]]"
signal_feature_only,extra_trees,50,5,file_id_1,1,150,421,0.7767220902612827,0.5819058855862131,0.9162011173184358,0.0,0.8295165394402035,"[[164,27,0],[0,0,63],[3,1,163]]"
signal_feature_only,extra_trees,50,6,file_id_1,1,150,421,0.9263657957244655,0.9002590524331158,0.9180327868852459,0.7887323943661971,0.9940119760479041,"[[168,23,0],[6,56,1],[1,0,166]]"
signal_feature_only,extra_trees,50,7,file_id_1,1,150,421,0.9026128266033254,0.8414441398549126,0.9619565217391305,0.6371681415929203,0.925207756232687,"[[177,14,0],[0,36,27],[0,0,167]]"
signal_feature_only,extra_trees,50,8,file_id_1,1,150,421,0.7885985748218527,0.6192399016239002,0.9141274238227147,0.10638297872340426,0.8372093023255814,"[[165,26,0],[0,5,58],[5,0,162]]"
signal_feature_only,extra_trees,50,9,file_id_1,1,150,421,0.8764845605700713,0.7958539721542742,0.9508196721311475,0.5321100917431193,0.9046321525885559,"[[174,17,0],[0,29,34],[1,0,166]]"
majority,majority,full,0,file_id_2,2,1292,445,0.39325842696629215,0.18817204301075272,0.5645161290322581,0.0,0.0,"[[175,0,0],[59,0,0],[211,0,0]]"
window_position_only,extra_trees,full,0,file_id_2,2,1292,445,0.13258426966292136,0.3333333333333333,0.0,1.0,0.0,"[[0,0,175],[0,59,0],[211,0,0]]"
signal_feature_only,extra_trees,full,0,file_id_2,2,1292,445,0.9865168539325843,0.9768064228367529,0.9830508474576272,0.9473684210526315,1.0,"[[174,1,0],[5,54,0],[0,0,211]]"
signal_feature_only,extra_trees,10,0,file_id_2,2,30,445,0.9101123595505618,0.8653591794348595,0.9,0.7175572519083969,0.9785202863961814,"[[153,19,3],[12,47,0],[0,6,205]]"
signal_feature_only,extra_trees,10,1,file_id_2,2,30,445,0.8719101123595505,0.8274757372548907,0.8430232558139535,0.6762589928057554,0.9631449631449631,"[[145,30,0],[12,47,0],[12,3,196]]"
signal_feature_only,extra_trees,10,2,file_id_2,2,30,445,0.946067415730337,0.9162331617777163,0.9333333333333333,0.8316831683168316,0.9836829836829837,"[[168,0,7],[17,42,0],[0,0,211]]"
signal_feature_only,extra_trees,10,3,file_id_2,2,30,445,0.9146067415730337,0.8308127843975338,0.9133858267716536,0.5934065934065934,0.9856459330143541,"[[174,0,1],[32,27,0],[0,5,206]]"
signal_feature_only,extra_trees,10,4,file_id_2,2,30,445,0.9595505617977528,0.9372157264096774,0.9620991253644315,0.8615384615384616,0.988009592326139,"[[165,10,0],[3,56,0],[0,5,206]]"
signal_feature_only,extra_trees,10,5,file_id_2,2,30,445,0.898876404494382,0.8276023289495428,0.8788732394366198,0.6086956521739131,0.9952380952380953,"[[156,19,0],[24,35,0],[0,2,209]]"
signal_feature_only,extra_trees,10,6,file_id_2,2,30,445,0.9235955056179775,0.8974329254248118,0.9124668435013262,0.819047619047619,0.9607843137254902,"[[172,2,1],[16,43,0],[14,1,196]]"
signal_feature_only,extra_trees,10,7,file_id_2,2,30,445,0.9280898876404494,0.8973081802050725,0.9198813056379822,0.7913669064748201,0.9806763285024155,"[[155,20,0],[4,55,0],[3,5,203]]"
signal_feature_only,extra_trees,10,8,file_id_2,2,30,445,0.8943820224719101,0.83598908693063,0.8613569321533924,0.656,0.9906103286384976,"[[146,25,4],[18,41,0],[0,0,211]]"
signal_feature_only,extra_trees,10,9,file_id_2,2,30,445,0.952808988764045,0.9175231973703291,0.9441340782122905,0.8108108108108109,0.997624703087886,"[[169,6,0],[14,45,0],[0,1,210]]"
signal_feature_only,extra_trees,25,0,file_id_2,2,75,445,0.9550561797752809,0.9139547710976282,0.9459459459459459,0.7959183673469388,1.0,"[[175,0,0],[20,39,0],[0,0,211]]"
signal_feature_only,extra_trees,25,1,file_id_2,2,75,445,0.9707865168539326,0.9574231920430707,0.9707602339181286,0.9133858267716536,0.9881235154394299,"[[166,7,2],[1,58,0],[0,3,208]]"
signal_feature_only,extra_trees,25,2,file_id_2,2,75,445,0.9865168539325843,0.981049948341408,0.9829545454545454,0.9649122807017544,0.9952830188679245,"[[173,0,2],[4,55,0],[0,0,211]]"
signal_feature_only,extra_trees,25,3,file_id_2,2,75,445,0.952808988764045,0.9242393122346627,0.9398280802292264,0.8376068376068376,0.9952830188679245,"[[164,9,2],[10,49,0],[0,0,211]]"
signal_feature_only,extra_trees,25,4,file_id_2,2,75,445,0.9820224719101124,0.9683087861858812,0.9776536312849162,0.9272727272727272,1.0,"[[175,0,0],[8,51,0],[0,0,211]]"
signal_feature_only,extra_trees,25,5,file_id_2,2,75,445,0.9842696629213483,0.9752266440057892,0.9830508474576272,0.9473684210526315,0.995260663507109,"[[174,0,1],[5,54,0],[0,1,210]]"
signal_feature_only,extra_trees,25,6,file_id_2,2,75,445,0.9550561797752809,0.9296536796536796,0.9404761904761905,0.8484848484848485,1.0,"[[158,17,0],[3,56,0],[0,0,211]]"
signal_feature_only,extra_trees,25,7,file_id_2,2,75,445,0.9617977528089887,0.932405651963716,0.9555555555555556,0.8440366972477065,0.997624703087886,"[[172,3,0],[13,46,0],[0,1,210]]"
signal_feature_only,extra_trees,25,8,file_id_2,2,75,445,0.9348314606741573,0.9026573426573427,0.9107692307692308,0.7972027972027972,1.0,"[[148,27,0],[2,57,0],[0,0,211]]"
signal_feature_only,extra_trees,25,9,file_id_2,2,75,445,0.9393258426966292,0.9042073288884991,0.9266862170087976,0.7906976744186046,0.9952380952380953,"[[158,17,0],[8,51,0],[0,2,209]]"
signal_feature_only,extra_trees,50,0,file_id_2,2,150,445,0.9595505617977528,0.9349613349613349,0.9572649572649573,0.8571428571428571,0.9904761904761905,"[[168,6,1],[8,51,0],[0,3,208]]"
signal_feature_only,extra_trees,50,1,file_id_2,2,150,445,0.9842696629213483,0.9750581088433887,0.9801699716713881,0.9473684210526315,0.9976359338061466,"[[173,1,1],[5,54,0],[0,0,211]]"
signal_feature_only,extra_trees,50,2,file_id_2,2,150,445,0.9887640449438202,0.981218848570947,0.9856733524355301,0.957983193277311,1.0,"[[172,3,0],[2,57,0],[0,0,211]]"
signal_feature_only,extra_trees,50,3,file_id_2,2,150,445,0.9752808988764045,0.9591302069688238,0.968299711815562,0.9090909090909091,1.0,"[[168,7,0],[4,55,0],[0,0,211]]"
signal_feature_only,extra_trees,50,4,file_id_2,2,150,445,0.9640449438202248,0.9390669169193672,0.9575070821529745,0.8620689655172413,0.997624703087886,"[[169,6,0],[9,50,0],[0,1,210]]"
signal_feature_only,extra_trees,50,5,file_id_2,2,150,445,0.9662921348314607,0.9491632550456081,0.9647058823529412,0.8923076923076924,0.9904761904761905,"[[164,10,1],[1,58,0],[0,3,208]]"
signal_feature_only,extra_trees,50,6,file_id_2,2,150,445,0.9730337078651685,0.9527898027898027,0.9722222222222222,0.8909090909090909,0.9952380952380953,"[[175,0,0],[10,49,0],[0,2,209]]"
signal_feature_only,extra_trees,50,7,file_id_2,2,150,445,0.9775280898876404,0.9625883532663194,0.9772727272727273,0.9152542372881356,0.9952380952380953,"[[172,3,0],[5,54,0],[0,2,209]]"
signal_feature_only,extra_trees,50,8,file_id_2,2,150,445,0.9752808988764045,0.9644748102139408,0.9797101449275363,0.928,0.9857142857142858,"[[169,4,2],[1,58,0],[0,4,207]]"
signal_feature_only,extra_trees,50,9,file_id_2,2,150,445,0.9797752808988764,0.9692203468913475,0.9827586206896551,0.9344262295081968,0.9904761904761905,"[[171,3,1],[2,57,0],[0,3,208]]"
majority,majority,full,0,file_id_4,4,1436,301,0.38205980066445183,0.1842948717948718,0.0,0.0,0.5528846153846154,"[[0,0,115],[0,0,71],[0,0,115]]"
window_position_only,extra_trees,full,0,file_id_4,4,1436,301,0.23588039867109634,0.12724014336917563,0.0,0.3817204301075269,0.0,"[[0,115,0],[0,71,0],[0,115,0]]"
signal_feature_only,extra_trees,full,0,file_id_4,4,1436,301,0.9235880398671097,0.9068795507232181,0.9076305220883534,0.8130081300813008,1.0,"[[113,2,0],[21,50,0],[0,0,115]]"
signal_feature_only,extra_trees,10,0,file_id_4,4,30,301,0.8903654485049833,0.8675502809184872,0.8674698795180723,0.743801652892562,0.9913793103448276,"[[108,5,2],[26,45,0],[0,0,115]]"
signal_feature_only,extra_trees,10,1,file_id_4,4,30,301,0.8538205980066446,0.8331340362792723,0.808695652173913,0.6950354609929078,0.9956709956709957,"[[93,21,1],[22,49,0],[0,0,115]]"
signal_feature_only,extra_trees,10,2,file_id_4,4,30,301,0.9069767441860465,0.8856683862793012,0.889763779527559,0.7758620689655172,0.9913793103448276,"[[113,0,2],[26,45,0],[0,0,115]]"
signal_feature_only,extra_trees,10,3,file_id_4,4,30,301,0.8770764119601329,0.8467427096230343,0.8549019607843137,0.6896551724137931,0.9956709956709957,"[[109,5,1],[31,40,0],[0,0,115]]"
signal_feature_only,extra_trees,10,4,file_id_4,4,30,301,0.9368770764119602,0.9284216922375816,0.9162995594713657,0.8689655172413793,1.0,"[[104,11,0],[8,63,0],[0,0,115]]"
signal_feature_only,extra_trees,10,5,file_id_4,4,30,301,0.8504983388704319,0.8288600288600289,0.8051948051948052,0.6857142857142857,0.9956709956709957,"[[93,21,1],[23,48,0],[0,0,115]]"
signal_feature_only,extra_trees,10,6,file_id_4,4,30,301,0.8073089700996677,0.7856344039472297,0.7339449541284404,0.631578947368421,0.9913793103448276,"[[80,33,2],[23,48,0],[0,0,115]]"
signal_feature_only,extra_trees,10,7,file_id_4,4,30,301,0.9269102990033222,0.9131233071988597,0.912,0.8360655737704918,0.991304347826087,"[[114,0,1],[20,51,0],[1,0,114]]"
signal_feature_only,extra_trees,10,8,file_id_4,4,30,301,0.9003322259136213,0.883098983289823,0.875,0.7786259541984732,0.9956709956709957,"[[105,9,1],[20,51,0],[0,0,115]]"
signal_feature_only,extra_trees,10,9,file_id_4,4,30,301,0.8803986710963455,0.8570126815232054,0.859504132231405,0.7244094488188977,0.9871244635193133,"[[104,10,1],[23,46,2],[0,0,115]]"
signal_feature_only,extra_trees,25,0,file_id_4,4,75,301,0.9368770764119602,0.9284216922375816,0.9162995594713657,0.8689655172413793,1.0,"[[104,11,0],[8,63,0],[0,0,115]]"
signal_feature_only,extra_trees,25,1,file_id_4,4,75,301,0.9003322259136213,0.8851181552081103,0.8782608695652174,0.7857142857142857,0.9913793103448276,"[[101,14,0],[14,55,2],[0,0,115]]"
signal_feature_only,extra_trees,25,2,file_id_4,4,75,301,0.8704318936877077,0.8358222754774479,0.8494208494208494,0.6666666666666666,0.9913793103448276,"[[110,3,2],[34,37,0],[0,0,115]]"
signal_feature_only,extra_trees,25,3,file_id_4,4,75,301,0.893687707641196,0.8721484709786832,0.8709677419354839,0.7540983606557377,0.9913793103448276,"[[108,5,2],[25,46,0],[0,0,115]]"
signal_feature_only,extra_trees,25,4,file_id_4,4,75,301,0.9169435215946844,0.8995951417004049,0.8987854251012146,0.8,1.0,"[[111,4,0],[21,50,0],[0,0,115]]"
signal_feature_only,extra_trees,25,5,file_id_4,4,75,301,0.9235880398671097,0.9060946297454809,0.9083665338645418,0.8099173553719008,1.0,"[[114,1,0],[22,49,0],[0,0,115]]"
signal_feature_only,extra_trees,25,6,file_id_4,4,75,301,0.8770764119601329,0.8640793956450897,0.827906976744186,0.7643312101910829,1.0,"[[89,26,0],[11,60,0],[0,0,115]]"
signal_feature_only,extra_trees,25,7,file_id_4,4,75,301,0.9302325581395349,0.9163104611923508,0.9142857142857143,0.8346456692913385,1.0,"[[112,3,0],[18,53,0],[0,0,115]]"
signal_feature_only,extra_trees,25,8,file_id_4,4,75,301,0.920265780730897,0.9032258064516129,0.9032258064516129,0.8064516129032258,1.0,"[[112,3,0],[21,50,0],[0,0,115]]"
signal_feature_only,extra_trees,25,9,file_id_4,4,75,301,0.9003322259136213,0.8799845141308555,0.8780487804878049,0.7619047619047619,1.0,"[[108,7,0],[23,48,0],[0,0,115]]"
signal_feature_only,extra_trees,50,0,file_id_4,4,150,301,0.9302325581395349,0.9169298497463872,0.9135802469135802,0.8372093023255814,1.0,"[[111,4,0],[17,54,0],[0,0,115]]"
signal_feature_only,extra_trees,50,1,file_id_4,4,150,301,0.9302325581395349,0.9212698412698413,0.9066666666666666,0.8571428571428571,1.0,"[[102,13,0],[8,63,0],[0,0,115]]"
signal_feature_only,extra_trees,50,2,file_id_4,4,150,301,0.8504983388704319,0.8017880854489304,0.8314606741573034,0.5825242718446602,0.9913793103448276,"[[111,2,2],[41,30,0],[0,0,115]]"
signal_feature_only,extra_trees,50,3,file_id_4,4,150,301,0.8870431893687708,0.8728281853281853,0.8482142857142857,0.7702702702702703,1.0,"[[95,20,0],[14,57,0],[0,0,115]]"
signal_feature_only,extra_trees,50,4,file_id_4,4,150,301,0.9302325581395349,0.9175192423426562,0.9128630705394191,0.8396946564885496,1.0,"[[110,5,0],[16,55,0],[0,0,115]]"
signal_feature_only,extra_trees,50,5,file_id_4,4,150,301,0.946843853820598,0.9373737373737373,0.9333333333333333,0.8787878787878788,1.0,"[[112,3,0],[13,58,0],[0,0,115]]"
signal_feature_only,extra_trees,50,6,file_id_4,4,150,301,0.9302325581395349,0.9163104611923508,0.9142857142857143,0.8346456692913385,1.0,"[[112,3,0],[18,53,0],[0,0,115]]"
signal_feature_only,extra_trees,50,7,file_id_4,4,150,301,0.9003322259136213,0.8902569013289888,0.8598130841121495,0.8152866242038217,0.9956709956709957,"[[92,22,1],[7,64,0],[0,0,115]]"
signal_feature_only,extra_trees,50,8,file_id_4,4,150,301,0.920265780730897,0.9060606060606061,0.9,0.8181818181818182,1.0,"[[108,7,0],[17,54,0],[0,0,115]]"
signal_feature_only,extra_trees,50,9,file_id_4,4,150,301,0.9169435215946844,0.9074820186826633,0.8858447488584474,0.8366013071895425,1.0,"[[97,18,0],[7,64,0],[0,0,115]]"
majority,majority,full,0,file_id_5,5,1424,313,0.3801916932907348,0.18364197530864199,0.0,0.0,0.5509259259259259,"[[0,0,123],[0,0,71],[0,0,119]]"
window_position_only,extra_trees,full,0,file_id_5,5,1424,313,0.2268370607028754,0.1232638888888889,0.0,0.3697916666666667,0.0,"[[0,123,0],[0,71,0],[0,119,0]]"
signal_feature_only,extra_trees,full,0,file_id_5,5,1424,313,0.9329073482428115,0.9160392899421693,0.9312977099236641,0.8292682926829268,0.9875518672199171,"[[122,1,0],[17,51,3],[0,0,119]]"
signal_feature_only,extra_trees,10,0,file_id_5,5,30,313,0.8785942492012779,0.8664533797351718,0.8508771929824561,0.7654320987654321,0.9830508474576272,"[[97,26,0],[8,62,1],[0,3,116]]"
signal_feature_only,extra_trees,10,1,file_id_5,5,30,313,0.8849840255591054,0.8740605544290875,0.8558558558558559,0.7831325301204819,0.9831932773109243,"[[95,28,0],[4,65,2],[0,2,117]]"
signal_feature_only,extra_trees,10,2,file_id_5,5,30,313,0.8338658146964856,0.8183551956388958,0.8284518828451883,0.6792452830188679,0.9473684210526315,"[[99,23,1],[17,54,0],[0,11,108]]"
signal_feature_only,extra_trees,10,3,file_id_5,5,30,313,0.8019169329073482,0.787050445018559,0.7264150943396226,0.651685393258427,0.9830508474576272,"[[77,46,0],[12,58,1],[0,3,116]]"
signal_feature_only,extra_trees,10,4,file_id_5,5,30,313,0.8242811501597445,0.7991074270019657,0.7829787234042553,0.6308724832214765,0.9834710743801653,"[[92,31,0],[20,47,4],[0,0,119]]"
signal_feature_only,extra_trees,10,5,file_id_5,5,30,313,0.8338658146964856,0.8150302742673854,0.8034934497816594,0.6708860759493671,0.9707112970711297,"[[92,31,0],[14,53,4],[0,3,116]]"
signal_feature_only,extra_trees,10,6,file_id_5,5,30,313,0.8594249201277955,0.8438953186427934,0.8198198198198198,0.7283950617283951,0.9834710743801653,"[[91,32,0],[8,59,4],[0,0,119]]"
signal_feature_only,extra_trees,10,7,file_id_5,5,30,313,0.865814696485623,0.851610300394917,0.8384279475982532,0.7375,0.9789029535864979,"[[96,27,0],[10,59,2],[0,3,116]]"
signal_feature_only,extra_trees,10,8,file_id_5,5,30,313,0.9009584664536742,0.8872724232205026,0.8991596638655462,0.7919463087248322,0.9707112970711297,"[[107,16,0],[8,59,4],[0,3,116]]"
signal_feature_only,extra_trees,10,9,file_id_5,5,30,313,0.8881789137380192,0.8715429663983777,0.8906882591093117,0.7659574468085106,0.957983193277311,"[[110,13,0],[12,54,5],[2,3,114]]"
signal_feature_only,extra_trees,25,0,file_id_5,5,75,313,0.8913738019169329,0.8700868620662049,0.8932806324110671,0.746268656716418,0.9707112970711297,"[[113,10,0],[17,50,4],[0,3,116]]"
signal_feature_only,extra_trees,25,1,file_id_5,5,75,313,0.8690095846645367,0.856451464945266,0.8430493273542601,0.7515151515151515,0.9747899159663865,"[[94,29,0],[6,62,3],[0,3,116]]"
signal_feature_only,extra_trees,25,2,file_id_5,5,75,313,0.9265175718849841,0.9136655030406056,0.936,0.8345323741007195,0.9704641350210971,"[[117,6,0],[10,58,3],[0,4,115]]"
signal_feature_only,extra_trees,25,3,file_id_5,5,75,313,0.8753993610223643,0.8533461306515591,0.8571428571428571,0.7194244604316546,0.9834710743801653,"[[105,18,0],[17,50,4],[0,0,119]]"
signal_feature_only,extra_trees,25,4,file_id_5,5,75,313,0.8690095846645367,0.8541946809927027,0.8448275862068966,0.7388535031847133,0.9789029535864979,"[[98,25,0],[11,58,2],[0,3,116]]"
signal_feature_only,extra_trees,25,5,file_id_5,5,75,313,0.9201277955271565,0.9039584101756053,0.9291338582677166,0.8120300751879699,0.9707112970711297,"[[118,5,0],[13,54,4],[0,3,116]]"
signal_feature_only,extra_trees,25,6,file_id_5,5,75,313,0.8945686900958466,0.875062085029605,0.8825910931174089,0.7591240875912408,0.9834710743801653,"[[109,14,0],[15,52,4],[0,0,119]]"
signal_feature_only,extra_trees,25,7,file_id_5,5,75,313,0.792332268370607,0.7281298172704253,0.7720588235294118,0.4247787610619469,0.9875518672199171,"[[105,18,0],[44,24,3],[0,0,119]]"
signal_feature_only,extra_trees,25,8,file_id_5,5,75,313,0.8849840255591054,0.8674574471138667,0.8734693877551021,0.75,0.9789029535864979,"[[107,16,0],[15,54,2],[0,3,116]]"
signal_feature_only,extra_trees,25,9,file_id_5,5,75,313,0.8817891373801917,0.8663065527996764,0.8607594936708861,0.7549668874172185,0.9831932773109243,"[[102,21,0],[12,57,2],[0,2,117]]"
signal_feature_only,extra_trees,50,0,file_id_5,5,150,313,0.9041533546325878,0.8895826416154597,0.8907563025210085,0.7945205479452054,0.9834710743801653,"[[106,17,0],[9,58,4],[0,0,119]]"
signal_feature_only,extra_trees,50,1,file_id_5,5,150,313,0.9297124600638977,0.9190519635908253,0.9243697478991597,0.8493150684931506,0.9834710743801653,"[[110,13,0],[5,62,4],[0,0,119]]"
signal_feature_only,extra_trees,50,2,file_id_5,5,150,313,0.9073482428115016,0.8929561879733048,0.895397489539749,0.8,0.9834710743801653,"[[107,16,0],[9,58,4],[0,0,119]]"
signal_feature_only,extra_trees,50,3,file_id_5,5,150,313,0.8881789137380192,0.8704006513184096,0.8852459016393442,0.7552447552447552,0.9707112970711297,"[[108,15,0],[13,54,4],[0,3,116]]"
signal_feature_only,extra_trees,50,4,file_id_5,5,150,313,0.9456869009584664,0.9364685853689364,0.9465020576131687,0.8794326241134752,0.9834710743801653,"[[115,8,0],[5,62,4],[0,0,119]]"
signal_feature_only,extra_trees,50,5,file_id_5,5,150,313,0.8977635782747604,0.8852620358355198,0.8733624454148472,0.7948717948717948,0.9875518672199171,"[[100,23,0],[6,62,3],[0,0,119]]"
signal_feature_only,extra_trees,50,6,file_id_5,5,150,313,0.9009584664536742,0.8897041928139718,0.8917748917748918,0.802547770700637,0.9747899159663865,"[[103,20,0],[5,63,3],[0,3,116]]"
signal_feature_only,extra_trees,50,7,file_id_5,5,150,313,0.9009584664536742,0.8855690865449395,0.8870292887029289,0.7862068965517242,0.9834710743801653,"[[106,17,0],[10,57,4],[0,0,119]]"
signal_feature_only,extra_trees,50,8,file_id_5,5,150,313,0.8849840255591054,0.8695798319327731,0.8739495798319328,0.76,0.9747899159663865,"[[104,19,0],[11,57,3],[0,3,116]]"
signal_feature_only,extra_trees,50,9,file_id_5,5,150,313,0.8945686900958466,0.8806662530626966,0.8898305084745762,0.7814569536423841,0.9707112970711297,"[[105,18,0],[8,59,4],[0,3,116]]"
majority,majority,full,0,file_id_10,10,1480,257,0.2607003891050584,0.13786008230452676,0.0,0.0,0.41358024691358025,"[[0,0,71],[0,0,119],[0,0,67]]"
window_position_only,extra_trees,full,0,file_id_10,10,1480,257,0.0,0.0,0.0,0.0,0.0,"[[0,71,0],[0,0,119],[0,67,0]]"
signal_feature_only,extra_trees,full,0,file_id_10,10,1480,257,0.490272373540856,0.5371724121909445,0.2573099415204678,0.38497652582159625,0.9692307692307692,"[[22,49,0],[78,41,0],[0,4,63]]"
signal_feature_only,extra_trees,10,0,file_id_10,10,30,257,0.490272373540856,0.5217797367396323,0.22929936305732485,0.44541484716157204,0.890625,"[[18,49,4],[68,51,0],[0,10,57]]"
signal_feature_only,extra_trees,10,1,file_id_10,10,30,257,0.36186770428015563,0.42184397779806676,0.2647058823529412,0.13903743315508021,0.8617886178861789,"[[27,41,3],[106,13,0],[0,14,53]]"
signal_feature_only,extra_trees,10,2,file_id_10,10,30,257,0.5953307392996109,0.5781226031378103,0.31932773109243695,0.6353790613718412,0.7796610169491526,"[[19,49,3],[29,88,2],[0,21,46]]"
signal_feature_only,extra_trees,10,3,file_id_10,10,30,257,0.556420233463035,0.5368081662489557,0.13333333333333333,0.5864661654135338,0.890625,"[[8,59,4],[41,78,0],[0,10,57]]"
signal_feature_only,extra_trees,10,4,file_id_10,10,30,257,0.3735408560311284,0.33086275706744966,0.049586776859504134,0.47491638795986624,0.46808510638297873,"[[3,64,4],[47,71,1],[0,45,22]]"
signal_feature_only,extra_trees,10,5,file_id_10,10,30,257,0.3229571984435798,0.35579337426027324,0.15853658536585366,0.3183673469387755,0.5904761904761905,"[[13,51,7],[80,39,0],[0,36,31]]"
signal_feature_only,extra_trees,10,6,file_id_10,10,30,257,0.5914396887159533,0.5755287459400836,0.2644628099173554,0.6159695817490495,0.8461538461538461,"[[16,51,4],[34,81,4],[0,12,55]]"
signal_feature_only,extra_trees,10,7,file_id_10,10,30,257,0.622568093385214,0.6159791703651104,0.304,0.627906976744186,0.916030534351145,"[[19,51,1],[35,81,3],[0,7,60]]"
signal_feature_only,extra_trees,10,8,file_id_10,10,30,257,0.39299610894941633,0.42514701444452596,0.35555555555555557,0.3514644351464435,0.5684210526315789,"[[32,38,1],[77,42,0],[0,40,27]]"
signal_feature_only,extra_trees,10,9,file_id_10,10,30,257,0.688715953307393,0.5751748251748251,0.05128205128205128,0.75,0.9242424242424242,"[[2,65,4],[5,114,0],[0,6,61]]"
signal_feature_only,extra_trees,25,0,file_id_10,10,75,257,0.6381322957198443,0.597789637997378,0.19047619047619047,0.6737588652482269,0.9291338582677166,"[[10,60,1],[24,95,0],[0,8,59]]"
signal_feature_only,extra_trees,25,1,file_id_10,10,75,257,0.5797665369649806,0.5553073638279609,0.15789473684210525,0.6137184115523465,0.8943089430894309,"[[9,61,1],[34,85,0],[0,12,55]]"
signal_feature_only,extra_trees,25,2,file_id_10,10,75,257,0.5175097276264592,0.5423176061596116,0.27631578947368424,0.4957983193277311,0.8548387096774194,"[[21,46,4],[60,59,0],[0,14,53]]"
signal_feature_only,extra_trees,25,3,file_id_10,10,75,257,0.4357976653696498,0.44831251841260583,0.08571428571428572,0.44621513944223107,0.8130081300813008,"[[6,59,6],[63,56,0],[0,17,50]]"
signal_feature_only,extra_trees,25,4,file_id_10,10,75,257,0.41245136186770426,0.45817202219641245,0.14634146341463414,0.3392857142857143,0.8888888888888888,"[[12,56,3],[81,38,0],[0,11,56]]"
signal_feature_only,extra_trees,25,5,file_id_10,10,75,257,0.5836575875486382,0.5572910400416374,0.21238938053097345,0.6289752650176679,0.8305084745762712,"[[12,57,2],[30,89,0],[0,18,49]]"
signal_feature_only,extra_trees,25,6,file_id_10,10,75,257,0.311284046692607,0.3489414279035597,0.11180124223602485,0.3064516129032258,0.6285714285714286,"[[9,57,5],[81,38,0],[0,34,33]]"
signal_feature_only,extra_trees,25,7,file_id_10,10,75,257,0.5486381322957199,0.5521956421638092,0.1791044776119403,0.5461847389558233,0.9312977099236641,"[[12,56,3],[51,68,0],[0,6,61]]"
signal_feature_only,extra_trees,25,8,file_id_10,10,75,257,0.5369649805447471,0.5369025081699689,0.15267175572519084,0.5433070866141733,0.9147286821705426,"[[10,58,3],[50,69,0],[0,8,59]]"
signal_feature_only,extra_trees,25,9,file_id_10,10,75,257,0.29571984435797666,0.3031537176274018,0.10526315789473684,0.3458646616541353,0.4583333333333333,"[[8,56,7],[73,46,0],[0,45,22]]"
signal_feature_only,extra_trees,50,0,file_id_10,10,150,257,0.4669260700389105,0.4830844854070661,0.11428571428571428,0.464,0.8709677419354839,"[[8,60,3],[61,58,0],[0,13,54]]"
signal_feature_only,extra_trees,50,1,file_id_10,10,150,257,0.48249027237354086,0.4988331599226541,0.18571428571428572,0.490272373540856,0.8205128205128205,"[[13,56,2],[56,63,0],[0,19,48]]"
signal_feature_only,extra_trees,50,2,file_id_10,10,150,257,0.5136186770428015,0.5331051949365228,0.2482758620689655,0.5080645161290323,0.8429752066115702,"[[18,50,3],[56,63,0],[0,16,51]]"
signal_feature_only,extra_trees,50,3,file_id_10,10,150,257,0.48249027237354086,0.496479188094829,0.15827338129496402,0.4881889763779528,0.8429752066115702,"[[11,57,3],[57,62,0],[0,16,51]]"
signal_feature_only,extra_trees,50,4,file_id_10,10,150,257,0.5252918287937743,0.5203210540579982,0.16,0.5535055350553506,0.847457627118644,"[[10,60,1],[44,75,0],[0,17,50]]"
signal_feature_only,extra_trees,50,5,file_id_10,10,150,257,0.5525291828793775,0.566286548859163,0.2517482517482518,0.5394190871369294,0.9076923076923077,"[[18,49,4],[54,65,0],[0,8,59]]"
signal_feature_only,extra_trees,50,6,file_id_10,10,150,257,0.43190661478599224,0.45089353324246556,0.07042253521126761,0.4274193548387097,0.8548387096774194,"[[5,62,4],[66,53,0],[0,14,53]]"
signal_feature_only,extra_trees,50,7,file_id_10,10,150,257,0.42023346303501946,0.460092202900028,0.14102564102564102,0.379746835443038,0.859504132231405,"[[11,58,2],[74,45,0],[0,15,52]]"
signal_feature_only,extra_trees,50,8,file_id_10,10,150,257,0.5603112840466926,0.5521447685276494,0.14634146341463414,0.5735849056603773,0.9365079365079365,"[[9,62,0],[43,76,0],[0,8,59]]"
signal_feature_only,extra_trees,50,9,file_id_10,10,150,257,0.5097276264591439,0.5286136005846674,0.20408163265306123,0.48945147679324896,0.8923076923076924,"[[15,51,5],[61,58,0],[0,9,58]]"
